C_PatenteAduanal,Inicio de vigencia de la patente,Fin de vigencia de la patente
0000,1/1/00,
0074,7/3/01,
0101,5/21/01,
0115,5/17/01,
0122,5/14/01,
0123,5/16/01,
0149,5/21/01,
0150,5/22/01,
0182,5/21/01,
0188,5/23/01,
0203,5/18/01,
0205,5/21/01,
0227,5/17/01,
0246,5/21/01,
0247,5/23/01,
0271,7/31/01,
0273,5/11/01,
0276,6/21/01,
0289,5/17/01,
0294,5/21/01,
0309,5/21/01,
0310,5/23/01,
0312,5/14/01,
0316,5/21/01,
0318,7/31/01,
0321,5/18/01,
0323,5/18/01,
0327,5/21/01,
0328,5/18/01,
0334,5/14/01,
0339,5/15/01,
0347,5/21/01,
0348,5/15/01,
0350,5/17/01,
0361,6/12/01,
0368,5/15/01,
0381,5/16/01,
0382,5/17/01,
0387,5/22/01,
0388,5/17/01,
0389,5/21/01,
0390,8/1/01,
0394,5/18/01,
0398,6/15/01,
0400,5/22/01,
0401,6/12/01,
0403,5/16/01,
0404,5/22/01,
0406,5/21/01,
0407,5/18/01,
0411,7/31/01,
0412,5/8/01,
0413,5/15/01,
0414,5/21/01,
0418,5/18/01,
0419,5/17/01,
0420,5/16/01,
0424,5/21/01,
0425,5/16/01,
0426,5/21/01,
0427,5/16/01,
0428,6/8/01,
0429,5/18/01,
0430,5/22/01,
0432,6/18/01,
0438,5/15/01,
0440,5/18/01,
0441,10/19/01,
0442,5/22/01,
0444,5/18/01,
0445,5/18/01,
0447,5/23/01,
0449,5/21/01,
0451,5/11/01,
0454,6/29/01,
0457,5/21/01,
0460,5/21/01,
0462,5/15/01,
0464,5/21/01,
0465,5/17/01,
0467,5/15/01,
0469,5/21/01,
0472,5/16/01,
0474,7/1/02,
0476,5/22/01,
0477,5/18/01,
0478,5/22/01,
0480,5/14/01,
0481,5/21/01,
0482,5/15/01,
0483,5/15/01,
0485,5/18/01,
0486,5/18/01,
0487,5/22/01,
0489,5/18/01,
0491,5/18/01,
0492,5/14/01,
0493,5/21/01,
0494,8/23/01,
0496,5/18/01,
0498,5/23/01,
0499,5/15/01,
0500,5/14/01,
0501,5/16/01,
0503,5/15/01,
0504,5/11/01,
0506,5/14/01,
0508,5/21/01,
0509,5/23/01,
0510,5/18/01,
0512,5/18/01,
0513,5/17/01,
0519,6/12/01,
0520,5/21/01,
0521,5/17/01,
0522,5/15/01,
0523,5/17/01,
0524,5/23/01,
0525,5/14/01,
0526,5/17/01,
0527,5/18/01,
0528,5/17/01,
0529,6/18/01,
0531,5/21/01,
0532,5/15/01,
0534,5/14/01,
0535,8/1/01,
0537,5/17/01,
0538,5/21/01,
0539,5/18/01,
0540,5/21/01,
0544,5/22/01,
0546,5/21/01,
0547,6/21/01,
0548,5/18/01,
0549,5/15/01,
0551,5/16/01,
0552,5/18/01,
0553,5/17/01,
0554,5/22/01,
0555,9/3/01,
0556,5/17/01,
0557,5/16/01,
0558,5/23/01,
0559,5/17/01,
0562,5/21/01,
0563,5/21/01,
0565,5/23/01,
0566,5/21/01,
0569,5/22/01,
0570,8/1/01,
0571,5/14/01,
0572,5/22/01,
0573,6/15/01,
0574,5/21/01,
0575,5/23/01,
0576,5/16/01,
0578,5/14/01,
0579,5/17/01,
0580,5/18/01,
0581,5/14/01,
0582,5/15/01,
0584,5/14/01,
0586,5/21/01,
0587,5/16/01,
0588,5/21/01,
0589,5/18/01,
0590,5/14/01,
0592,5/14/01,
0595,6/12/01,
0596,5/18/01,
0597,5/21/01,
0598,5/18/01,
0599,5/21/01,
0600,5/14/01,
0601,5/16/01,
0604,5/15/01,
0606,6/8/01,
0607,5/21/01,
0608,5/15/01,
0609,5/18/01,
0610,5/16/01,
0611,5/14/01,
0613,5/14/01,
0614,5/16/01,
0615,5/18/01,
0617,6/29/01,
0619,5/17/01,
0620,5/15/01,
0622,6/12/01,
0624,5/15/01,
0625,5/18/01,
0626,4/9/03,
0627,5/17/01,
0628,5/21/01,
0629,6/8/01,
0630,5/14/01,
0631,5/11/01,
0632,5/22/01,
0633,5/18/01,
0634,5/21/01,
0636,10/28/02,
0637,5/18/01,
0638,5/16/01,
0639,5/23/01,
0640,5/21/01,
0641,5/16/01,
0643,5/18/01,
0644,6/21/01,
0645,5/22/01,
0646,5/18/01,
0647,6/15/01,
0648,5/18/01,
0649,5/17/01,
0651,5/17/01,
0652,5/16/01,
0653,5/21/01,
0654,5/21/01,
0655,5/11/01,
0656,5/11/01,
0657,5/18/01,
0659,5/16/01,
0661,5/14/01,
0662,5/17/01,
0663,5/23/01,
0664,5/18/01,
0665,5/14/01,
0666,5/17/01,
0667,5/11/01,
0668,5/17/01,
0669,5/21/01,
0670,5/21/01,
0671,5/18/01,
0672,5/16/01,
0673,5/14/01,
0674,5/17/01,
0675,5/11/01,
0676,5/15/01,
0677,5/21/01,
0678,5/11/01,
0679,5/21/01,
0680,5/14/01,
0681,5/22/01,
0682,5/21/01,
0683,5/16/01,
0684,5/21/01,
0685,5/16/01,
0686,5/17/01,
0687,5/18/01,
0688,6/28/02,
0689,5/17/01,
0690,5/21/01,
0691,5/18/01,
0692,5/21/01,
0693,5/16/01,
0695,5/17/01,
0696,5/17/01,
0697,5/18/01,
0699,5/15/01,
0700,5/14/01,
0701,5/14/01,
0702,5/21/01,
0705,5/21/01,
0706,5/21/01,
0707,5/17/01,
0708,5/16/01,
0709,5/18/01,
0710,5/18/01,
0711,5/14/01,
0712,5/21/01,
0713,5/21/01,
0714,5/8/01,
0715,5/15/01,
0716,5/18/01,
0717,5/22/01,
0718,5/15/01,
0719,5/21/01,
0720,5/21/01,
0721,5/23/01,
0722,5/16/01,
0723,5/15/01,
0724,5/21/01,
0725,5/15/01,
0726,6/14/01,
0727,5/21/01,
0728,5/21/01,
0729,5/23/01,
0731,5/15/01,
0732,5/21/01,
0733,5/22/01,
0734,5/21/01,
0735,5/21/01,
0736,5/18/01,
0737,5/11/01,
0738,5/23/01,
0739,5/11/01,
0740,5/21/01,
0741,5/16/01,
0742,5/18/01,
0743,5/18/01,
0744,5/22/01,
0745,5/18/01,
0746,6/21/01,
0747,5/17/01,
0748,5/21/01,
0749,5/18/01,
0750,5/14/01,
0751,5/15/01,
0752,5/21/01,
0753,5/21/01,
0754,5/17/01,
0755,5/15/01,
0756,5/15/01,
0757,5/15/01,
0758,5/14/01,
0760,5/14/01,
0761,5/16/01,
0762,5/11/01,
0763,5/21/01,
0764,5/14/01,
0765,5/18/01,
0766,5/24/01,
0767,5/23/01,
0768,5/14/01,
0769,5/15/01,
0770,5/21/01,
0771,5/21/01,
0772,5/16/01,
0773,5/17/01,
0774,5/21/01,
0775,9/6/01,
0776,5/18/01,
0777,5/21/01,
0778,5/17/01,
0779,5/21/01,
0780,5/16/01,
0781,5/21/01,
0782,5/23/01,
0783,5/11/01,
0784,5/15/01,
0785,5/16/01,
0786,5/18/01,
0787,5/18/01,
0788,5/18/01,
0790,5/15/01,
0792,5/15/01,
0794,5/22/01,
0795,5/21/01,
0796,5/14/01,
0797,5/17/01,
0798,5/16/01,
0799,5/18/01,
0800,5/21/01,
0801,5/23/01,
0803,5/16/01,
0804,5/17/01,
0805,5/29/02,
0806,5/7/01,
0807,5/14/01,
0808,5/17/01,
0809,5/21/01,
0810,5/18/01,
0811,5/21/01,
0812,5/15/01,
0813,5/21/01,
0814,5/14/01,
0815,5/23/01,
0816,5/23/01,
0817,5/16/01,
0818,5/17/01,
0819,5/15/01,
0820,5/15/01,
0821,5/16/01,
0822,5/14/01,
0823,5/21/01,
0825,5/21/01,
0828,5/14/01,
0829,5/15/01,
0830,5/23/01,
0831,6/10/02,
0832,5/21/01,
0833,5/22/01,
0834,5/14/01,
0835,5/17/01,
0836,5/15/01,
0837,5/21/01,
0838,5/21/01,
0839,9/10/02,
0840,5/17/01,
0841,11/27/01,
0842,5/11/01,
0843,5/23/01,
0844,5/21/01,
0845,5/15/01,
0846,5/15/01,
0847,5/18/01,
0848,5/15/01,
0849,5/23/01,
0850,5/15/01,
0851,5/23/01,
0852,5/22/01,
0853,5/18/01,
0854,5/17/01,
0855,5/15/01,
0856,5/18/01,
0857,5/15/01,
0858,5/21/01,
0859,5/17/01,
0860,5/21/01,
0862,5/15/01,
0863,5/21/01,
0864,5/21/01,
0867,5/23/01,
0868,5/16/01,
0869,5/15/01,
0870,5/18/01,
0871,5/17/01,
0872,6/10/02,
0873,5/22/01,
0875,5/17/01,
0876,5/21/01,
0877,5/16/01,
0878,5/7/01,
0879,5/21/01,
0880,5/11/01,
0881,5/21/01,
0882,5/17/01,
0883,5/17/01,
0884,5/21/01,
0885,5/21/01,
0886,5/22/01,
0887,5/21/01,
0888,5/23/01,
0889,5/18/01,
0890,5/16/01,
0891,5/17/01,
0892,5/21/01,
0895,5/17/01,
0896,5/18/01,
0897,5/14/01,
0898,5/14/01,
0899,5/21/01,
0900,5/16/01,
0901,5/18/01,
0902,5/15/01,
0903,5/18/01,
0904,5/18/01,
0905,5/15/01,
0906,5/23/01,
0907,5/15/01,
0908,5/18/01,
0909,5/16/01,
0910,5/17/01,
0911,5/15/01,
0912,5/18/01,
0913,5/21/01,
0914,5/8/01,
0915,5/7/01,
0916,5/21/01,
0917,5/16/01,
0918,5/23/01,
0919,5/22/01,
0920,5/16/01,
0921,5/16/01,
0922,5/14/01,
0925,5/14/01,
0926,5/21/01,
0927,5/22/01,
0928,5/18/01,
0929,5/22/01,
0930,5/18/01,
0931,5/18/01,
0932,5/17/01,
0933,5/22/01,
0934,5/14/01,
0935,5/14/01,
0936,5/14/01,
0937,5/14/01,
0938,5/17/01,
0939,5/18/01,
0940,5/14/01,
0941,5/14/01,
0942,5/14/01,
0943,5/14/01,
0944,5/16/01,
0945,5/15/01,
0946,5/17/01,
0947,5/16/01,
0948,5/18/01,
0949,5/21/01,
0950,5/17/01,
0951,5/14/01,
0952,5/22/01,
0953,5/21/01,
0954,5/22/01,
0955,5/21/01,
0956,5/21/01,
0957,5/21/01,
0958,5/11/01,
0959,5/16/01,
0960,5/21/01,
0961,5/15/01,
0962,9/3/01,
0963,5/23/01,
0964,5/21/01,
0965,5/21/01,
0966,5/16/01,
0967,5/21/01,
0968,5/21/01,
0969,5/16/01,
0970,5/22/01,
0971,5/21/01,
0972,5/16/01,
0973,5/14/01,
0974,5/23/01,
0975,5/16/01,
0976,5/21/01,
0977,5/15/01,
0978,5/21/01,
0979,5/21/01,
0980,8/23/01,
0981,5/21/01,
0982,5/7/01,
0983,5/22/01,
0984,5/16/01,
0985,8/16/02,
0986,5/14/01,
0987,5/15/01,
0988,5/18/01,
0989,5/21/01,
0990,5/17/01,
0991,5/21/01,
0992,5/16/01,
0993,5/14/01,
0994,5/14/01,
0995,5/15/01,
0997,5/17/01,
0999,5/14/01,
1000,5/14/01,
1001,5/21/01,
1002,5/29/02,
1003,5/15/01,
1004,5/23/01,
1005,5/18/01,
1006,5/16/01,
1007,5/18/01,
1008,5/16/01,
1009,5/14/01,
1010,5/18/01,
1011,5/21/01,
1012,12/9/02,
1013,5/21/01,
1014,5/21/01,
1015,5/18/01,
1016,5/18/01,
1017,5/18/01,
1018,5/15/01,
1019,5/14/01,
1020,5/15/01,
1021,5/22/01,
1022,5/16/01,
1023,5/21/01,
1024,5/21/01,
1025,5/14/01,
1026,5/18/01,
1027,5/11/01,
1028,5/17/01,
1029,5/18/01,
1030,5/18/01,
1031,5/21/01,
1032,5/17/01,
1033,5/18/01,
1034,5/16/01,
1035,5/18/01,
1036,5/11/01,
1037,5/21/01,
1038,5/18/01,
1039,5/17/01,
1040,5/16/01,
1041,5/11/01,
1042,5/21/01,
1043,5/17/01,
1044,5/21/01,
1045,5/17/01,
1046,5/15/01,
1047,5/17/01,
1048,5/15/01,
1049,5/21/01,
1050,5/11/01,
1051,5/18/01,
1052,5/18/01,
1054,5/14/01,
1055,5/17/01,
1056,5/18/01,
1057,5/14/01,
1058,5/21/01,
1059,5/23/01,
1060,5/21/01,
1061,5/22/01,
1062,5/15/01,
1063,5/15/01,
1064,5/16/01,
1065,5/16/01,
1066,5/18/01,
1067,5/17/01,
1068,5/17/01,
1069,5/18/01,
1070,5/18/01,
1071,5/17/01,
1072,5/17/01,
1073,5/17/01,
1074,5/21/01,
1075,5/18/01,
1076,5/17/01,
1077,5/17/01,
1078,5/18/01,
1079,5/17/01,
1080,5/14/01,
1081,5/21/01,
1082,5/17/01,
1084,5/21/01,
1085,5/11/01,
1086,5/17/01,
1087,5/22/01,
1088,5/16/01,
1089,5/21/01,
1090,5/29/02,
1092,5/14/01,
1094,5/17/01,
1095,5/22/01,
1096,5/15/01,
1097,5/21/01,
1098,5/21/01,
1099,5/18/01,
1100,5/15/01,
1102,5/18/01,
1103,5/16/01,
1104,5/17/01,
1105,5/15/01,
1106,5/17/01,
1107,5/22/01,
1108,5/15/01,
1109,5/17/01,
1111,5/14/01,
1112,5/24/01,
1113,5/17/01,
1114,5/16/01,
1115,5/11/01,
1116,5/21/01,
1117,5/11/01,
1120,5/15/01,
1121,5/11/01,
1122,5/7/01,
1123,5/15/01,
1124,5/21/01,
1125,5/17/01,
1126,5/21/01,
1127,5/11/01,
1128,5/11/01,
1129,5/14/01,
1130,5/17/01,
1132,5/17/01,
1136,5/14/01,
1137,5/17/01,
1138,5/15/01,
1139,5/17/01,
1141,5/14/01,
1142,3/31/03,
1144,5/18/01,
1145,5/14/01,
1148,5/7/01,
1149,5/18/01,
1150,5/7/01,
1152,5/17/01,
1153,5/21/01,
1154,5/21/01,
1155,5/7/01,
1156,5/18/01,
1157,5/23/01,
1158,5/16/01,
1159,5/18/01,
1160,5/14/01,
1161,5/11/01,
1162,5/18/01,
1163,5/11/01,
1164,5/16/01,
1165,5/18/01,
1166,5/16/01,
1167,5/17/01,
1168,5/17/01,
1169,5/22/01,
1170,5/18/01,
1171,5/21/01,
1172,5/18/01,
1173,5/18/01,
1174,5/11/01,
1175,5/16/01,
1176,5/18/01,
1177,5/18/01,
1178,5/17/01,
1179,5/14/01,
1181,5/14/01,
1182,5/22/01,
1186,5/21/01,
1187,5/21/01,
1188,5/17/01,
1189,5/21/01,
1190,5/21/01,
1191,5/22/01,
1192,5/24/01,
1193,5/18/01,
1194,5/17/01,
1195,5/17/01,
1196,5/22/01,
1197,5/16/01,
1198,5/16/01,
1199,5/21/01,
1200,5/16/01,
1201,5/16/01,
1202,5/21/01,
1203,5/15/01,
1204,5/18/01,
1205,5/17/01,
1206,5/17/01,
1207,5/21/01,
1208,5/22/01,
1209,5/14/01,
1210,5/17/01,
1211,5/18/01,
1212,5/18/01,
1213,5/21/01,
1214,5/21/01,
1215,5/15/01,
1216,5/14/01,
1217,5/18/01,
1218,5/18/01,
1219,5/21/01,
1220,5/16/01,
1221,5/16/01,
1222,5/15/01,
1223,3/13/02,
1224,5/15/01,
1225,5/14/01,
1226,5/11/01,
1227,5/18/01,
1228,5/16/01,
1229,5/21/01,
1230,5/15/01,
1231,5/18/01,
1232,10/21/02,
1233,5/21/01,
1234,5/21/01,
1235,5/21/01,
1236,5/21/01,
1237,5/21/01,
1238,5/21/01,
1239,5/21/01,
1240,5/21/01,
1241,5/21/01,
1242,5/16/01,
1243,5/24/01,
1244,5/17/01,
1245,5/15/01,
1246,5/14/01,
1247,5/14/01,
1248,5/21/01,
1249,5/21/01,
1250,5/18/01,
1251,5/21/01,
1252,5/18/01,
1253,5/21/01,
1254,5/18/01,
1255,5/21/01,
1256,5/21/01,
1257,5/21/01,
1258,5/21/01,
1259,5/22/01,
1260,5/22/01,
1261,5/16/01,
1262,5/16/01,
1263,5/16/01,
1264,5/22/01,
1265,5/16/01,
1266,5/14/01,
1267,5/15/01,
1268,5/14/01,
1269,5/15/01,
1270,5/15/01,
1271,5/18/01,
1272,5/18/01,
1273,5/21/01,
1274,5/21/01,
1275,5/21/01,
1276,5/18/01,
1277,5/18/01,
1278,5/18/01,
1279,5/17/01,
1280,5/14/01,
1281,5/14/01,
1282,5/18/01,
1283,5/22/01,
1284,5/17/01,
1285,5/17/01,
1286,5/17/01,
1287,5/14/01,
1288,5/14/01,
1289,5/11/01,
1290,5/11/01,
1291,5/11/01,
1293,5/21/01,
1294,5/15/01,
1295,5/15/01,
1296,5/22/01,
1297,5/17/01,
1298,5/15/01,
1299,5/22/01,
1300,5/16/01,
1301,5/21/01,
1302,5/14/01,
1303,5/21/01,
1304,5/11/01,
1305,5/16/01,
1306,5/14/01,
1307,5/18/01,
1308,5/11/01,
1309,5/11/01,
1311,5/21/01,
1312,5/22/01,
1313,5/15/01,
1314,5/16/01,
1315,5/14/01,
1316,5/21/01,
1317,5/23/01,
1318,5/15/01,
1319,5/17/01,
1320,5/17/01,
1321,5/15/01,
1322,5/21/01,
1323,5/18/01,
1324,5/18/01,
1325,5/18/01,
1326,5/8/01,
1327,5/11/01,
1328,5/7/01,
1329,5/7/01,
1330,5/16/01,
1331,5/16/01,
1332,5/16/01,
1333,5/18/01,
1334,5/14/01,
1335,5/16/01,
1336,5/14/01,
1337,5/21/01,
1338,5/14/01,
1339,5/15/01,
1340,5/16/01,
1341,5/15/01,
1342,5/21/01,
1343,5/15/01,
1344,5/15/01,
1345,5/22/01,
1346,5/21/01,
1347,5/21/01,
1348,5/18/01,
1349,5/17/01,
1350,5/17/01,
1351,5/17/01,
1352,5/18/01,
1353,5/14/01,
1354,5/22/01,
1355,5/22/01,
1356,5/11/01,
1357,5/11/01,
1358,5/18/01,
1359,5/16/01,
1360,5/14/01,
1361,5/14/01,
1362,5/21/01,
1363,5/16/01,
1364,5/18/01,
1365,5/21/01,
1368,5/11/01,
1369,5/14/01,
1370,5/18/01,
1371,5/18/01,
1372,5/15/01,
1373,5/17/01,
1374,5/23/01,
1375,5/14/01,
1376,5/21/01,
1377,5/11/01,
1378,5/15/01,
1379,5/14/01,
1380,5/14/01,
1381,5/16/01,
1382,5/23/01,
1383,5/18/01,
1384,5/22/01,
1385,5/15/01,
1386,5/15/01,
1387,6/25/01,
1388,5/18/01,
1389,5/18/01,
1390,5/21/01,
1391,5/17/01,
1392,5/17/01,
1393,5/21/01,
1394,5/18/01,
1395,5/18/01,
1396,5/18/01,
1397,5/21/01,
1398,5/16/01,
1399,5/17/01,
1400,5/17/01,
1401,5/14/01,
1402,5/15/01,
1403,5/21/01,
1404,5/18/01,
1405,5/14/01,
1406,5/15/01,
1407,5/18/01,
1408,5/17/01,
1409,5/22/01,
1410,5/16/01,
1411,5/21/01,
1412,5/21/01,
1413,5/14/01,
1414,5/22/01,
1415,5/14/01,
1416,5/15/01,
1417,5/15/01,
1418,5/17/01,
1419,5/9/01,
1420,5/14/01,
1421,5/14/01,
1422,5/18/01,
1423,5/21/01,
1424,5/18/01,
1425,5/17/01,
1426,5/15/01,
1428,5/22/01,
1429,5/24/01,
1430,5/7/01,
1431,5/16/01,
1432,5/17/01,
1433,5/15/01,
1434,9/3/01,
1435,5/15/01,
1436,5/11/01,
1437,5/15/01,
1438,5/18/01,
1439,5/15/01,
1440,5/18/01,
1441,5/15/01,
1442,5/11/01,
1443,5/7/01,
1444,5/18/01,
1445,5/16/01,
1446,5/17/01,
1447,5/18/01,
1448,5/11/01,
1449,5/11/01,
1450,5/17/01,
1451,5/21/01,
1452,5/21/01,
1453,5/21/01,
1454,5/21/01,
1455,5/21/01,
1456,5/22/01,
1457,5/21/01,
1458,5/22/01,
1459,5/18/01,
1460,5/7/01,
1461,5/21/01,
1462,5/23/01,
1463,5/17/01,
1464,5/21/01,
1465,5/21/01,
1466,5/17/01,
1467,5/18/01,
1468,5/18/01,
1469,5/21/01,
1470,5/14/01,
1471,5/21/01,
1472,5/14/01,
1473,5/17/01,
1474,5/18/01,
1475,5/17/01,
1476,5/18/01,
1477,5/11/01,
1478,5/16/01,
1479,5/21/01,
1480,5/21/01,
1481,5/21/01,
1482,5/18/01,
1483,5/11/01,
1484,5/14/01,
1485,5/14/01,
1486,5/18/01,
1487,5/16/01,
1488,5/16/01,
1489,5/16/01,
1490,5/17/01,
1491,5/18/01,
1492,5/21/01,
1493,5/15/01,
1494,5/18/01,
1495,5/21/01,
1496,5/15/01,
1497,5/11/01,
1498,5/22/01,
1499,5/17/01,
1500,5/22/01,
1501,5/18/01,
1502,5/15/01,
1503,5/14/01,
1504,5/17/01,
1505,5/11/01,
1506,5/18/01,
1507,5/16/01,
1508,5/21/01,
1509,5/11/01,
1510,5/17/01,
1511,5/14/01,
1512,5/15/01,
1513,5/14/01,
1514,5/18/01,
1515,5/18/01,
1516,5/14/01,
1517,5/16/01,
1518,5/18/01,
1519,5/18/01,
1520,5/11/01,
1521,5/24/01,
1522,5/18/01,
1523,5/17/01,
1524,5/15/01,
1525,8/22/03,
1526,10/13/06,
1527,7/8/05,
1528,7/8/05,
1529,7/8/05,
1530,7/18/05,
1531,6/22/06,
1532,6/22/06,
1533,7/13/06,
1534,7/13/06,
1535,7/13/06,
1536,7/13/06,
1537,7/13/06,
1538,7/13/06,
1539,7/13/06,
1540,7/13/06,
1541,7/13/06,
1542,7/13/06,
1543,9/26/06,
1544,10/23/06,
1545,11/27/06,
1546,11/27/06,
1547,11/30/06,
1548,11/30/06,
1549,11/30/06,
1550,2/12/07,
1551,2/27/07,
1552,4/10/07,
1553,5/4/07,
1554,4/27/07,
1555,5/11/07,
1556,6/14/07,
1557,6/28/07,
1558,6/28/07,
1559,6/28/07,
1560,8/16/07,
1561,8/16/07,
1562,10/2/07,
1563,10/30/07,
1564,4/29/08,
1565,12/6/07,
1566,1/28/08,
1567,2/22/08,
1568,4/10/08,
1569,5/9/08,
1570,4/24/08,
1571,4/24/08,
1572,6/5/08,
1573,7/16/08,
1574,8/8/08,
1575,8/12/08,
1576,10/10/08,
1577,10/10/08,
1578,10/10/08,
1579,10/31/08,
1580,2/25/09,
1581,4/13/09,
1582,4/13/09,
1583,4/13/09,
1584,4/14/09,
1585,6/10/09,
1586,6/15/09,
1587,7/14/09,
1588,8/26/09,
1589,9/18/09,
1590,2/5/10,
1591,2/5/10,
1592,4/12/10,
1593,4/12/10,
1594,4/12/10,
1595,4/13/10,
1596,8/24/10,
1597,8/24/10,
1598,9/20/10,
1599,9/20/10,
1600,9/20/10,
1601,9/30/10,
1602,9/30/10,
1603,9/30/10,
1604,11/4/10,
1605,11/4/10,
1606,11/25/10,
1607,1/7/11,
1608,1/7/11,
1609,2/18/11,
1610,2/18/11,
1611,3/29/11,
1612,4/20/11,
1613,6/14/11,
1614,8/11/11,
1615,8/11/11,
1616,8/11/11,
1617,10/3/11,
1618,10/3/11,
1619,10/3/11,
1620,10/18/11,
1621,10/25/11,
1622,10/25/11,
1623,2/17/12,
1624,2/17/12,
1625,3/13/12,
1626,3/13/12,
1627,3/23/12,
1628,5/17/12,
1629,5/23/12,
1630,6/6/12,
1631,6/5/12,
1632,7/31/12,
1633,8/28/12,
1634,8/28/12,
1635,10/8/12,
1636,10/23/12,
1637,10/22/12,
1638,10/23/12,
1639,10/31/12,
1640,12/11/12,
1641,12/3/12,
1642,12/11/12,
1643,12/19/12,
1644,1/30/13,
1645,2/21/13,
1646,2/19/13,
1647,3/12/13,
1648,4/24/13,
1649,4/12/13,
1650,5/22/13,
1651,5/23/13,
1652,6/5/13,
1653,6/6/13,
1654,6/17/13,
1655,6/17/13,
1656,6/17/13,
1657,8/12/13,
1658,10/16/13,
1659,10/16/13,
1660,11/27/13,
1661,2/24/14,
1662,2/24/14,
1663,2/24/14,
1664,2/24/14,
1665,2/24/14,
1666,3/18/14,
1667,3/18/14,
1668,3/18/14,
1669,3/18/14,
1670,3/18/14,
1671,5/14/14,
1672,5/14/14,
1673,6/4/14,
1674,5/14/14,
1675,5/14/14,
1676,8/7/14,
1677,8/7/14,
1678,8/7/14,
1679,8/7/14,
1680,7/30/14,
1681,9/2/14,
1682,11/28/14,
1683,9/25/14,
1684,9/25/14,
1685,11/5/14,
1686,11/5/14,
1687,11/5/14,
1688,11/28/14,
1689,11/28/14,
1690,11/28/14,
1691,11/28/14,
1692,11/26/14,
1693,3/13/15,
1694,3/13/15,
1695,4/6/15,
1696,3/13/15,
1697,4/6/15,
1698,4/6/15,
1699,5/14/15,
1700,5/14/15,
1701,6/16/15,
1702,6/24/15,
1703,6/24/15,
1704,7/15/15,
1705,7/15/15,
1706,7/20/15,
1707,10/5/15,
1708,9/21/15,
1709,11/20/15,
1710,10/30/15,
1711,11/20/15,
1712,11/20/15,
1713,11/24/15,
1714,11/24/15,
1715,12/16/15,
1716,12/16/15,
1717,12/18/15,
1718,11/28/18,
1719,12/9/19,
1720,11/7/19,
1721,4/16/19,
1724,10/3/18,
1725,10/3/18,
1726,10/29/18,
1727,7/9/18,
1728,10/3/18,
1729,11/28/18,
1730,5/11/16,
1731,11/28/16,
1732,12/14/18,
1733,9/13/16,
1734,9/13/16,
1735,9/8/16,
1737,9/4/17,
1738,12/14/18,
1739,11/28/16,
1740,12/6/16,
1741,11/28/16,
1742,10/6/16,
1743,2/7/17,
1744,12/6/16,
1745,12/14/17,
1746,2/17/17,
1747,2/17/17,
1748,3/17/17,
1749,4/20/17,
1750,3/29/17,
1751,4/20/17,
1752,4/20/17,
1753,5/3/17,
1754,6/21/19,
1755,5/3/17,
1756,5/22/17,
1757,5/22/17,
1758,6/1/17,
1759,6/30/17,
1760,6/6/17,
1761,7/31/17,
1762,9/25/17,
1763,6/15/17,
1764,7/31/17,
1765,12/12/17,
1766,11/13/17,
1767,12/4/17,
1768,12/6/17,
1769,2/1/18,
1770,1/22/18,
1771,2/12/18,
1772,3/20/18,
1773,4/16/18,
1774,9/24/18,
1775,7/9/18,
1776,9/24/18,
1777,10/12/18,
1778,10/8/18,
1779,10/25/18,
1780,11/18/18,
1781,10/17/18,
1782,10/19/18,
1783,12/5/18,
1784,12/5/18,
1785,10/4/18,
1786,10/31/18,
1787,10/4/18,
1788,10/4/18,
1789,4/16/19,
1790,12/14/18,
1791,12/19/19,
1792,4/16/19,
1793,12/14/18,
1794,12/14/18,
1795,11/7/18,
1796,12/14/18,
1797,12/14/18,
1798,2/5/20,
1799,12/19/19,
1800,5/9/19,
1801,2/5/20,
1803,2/5/20,
1804,7/9/20,
1805,1/31/20,
1806,10/14/19,
1807,4/27/20,
1808,4/27/20,
1809,10/14/19,
1810,10/8/20,
1811,6/25/20,
1812,10/14/19,
1813,5/25/20,
1814,4/5/21,
1815,7/9/20,
1816,2/15/21,
1817,10/14/19,
1818,3/16/21,
1819,9/20/19,
1820,3/17/21,
1821,2/15/21,
1822,3/16/21,
1823,3/17/21,
1824,12/12/19,
1825,12/1/20,
1826,3/1/21,
1827,3/17/21,
1828,2/15/21,
1829,2/15/21,
1830,3/17/21,
1831,7/5/21,
1832,3/16/21,
1833,2/15/21,
1834,2/15/21,
1836,4/5/21,
1837,5/3/21,
1838,3/17/21,
1839,5/11/21,
1840,3/17/21,
1841,4/5/21,
1842,4/5/21,
1843,3/17/21,
1844,3/5/21,
1845,5/7/21,
1846,4/12/21,
1847,3/2/21,
1848,3/22/21,
1849,3/12/21,
1850,5/11/21,
1852,4/5/21,
1853,4/5/21,
1854,7/5/21,
1855,4/15/21,
1856,6/28/21,
1857,5/11/21,
1858,5/17/21,
1859,5/17/21,
1860,5/27/21,
1861,6/28/21,
1862,8/9/21,
1863,8/9/21,
1864,8/9/21,
1865,8/9/21,
1866,8/9/21,
1867,7/27/21,
1868,8/9/21,
1869,8/23/21,
1870,8/19/21,
1871,8/19/21,
1872,8/19/21,
1873,7/26/21,
1874,8/9/21,
1875,7/26/21,
1876,7/26/21,
1878,7/5/21,
1879,7/27/21,
3001,5/16/01,
3002,7/2/02,
3003,5/21/01,
3005,5/22/01,
3006,5/21/01,
3007,5/22/01,
3008,5/14/01,
3009,5/21/01,
3010,5/17/01,
3011,5/15/01,
3012,5/18/01,
3013,5/17/01,
3014,5/14/01,
3015,5/14/01,
3016,5/21/01,
3017,5/14/01,
3018,5/8/01,
3019,5/21/01,
3020,5/18/01,
3021,5/23/01,
3022,5/22/01,
3023,5/18/01,
3024,5/16/01,
3025,5/15/01,
3026,5/17/01,
3027,5/14/01,
3028,6/11/02,
3029,5/18/01,
3030,5/14/01,
3031,5/11/01,
3032,5/21/01,
3033,5/7/01,
3034,5/16/01,
3035,5/18/01,
3036,5/15/01,
3037,5/17/01,
3038,5/17/01,
3039,7/31/01,
3040,8/23/01,
3041,5/21/01,
3042,5/11/01,
3043,9/3/01,
3044,5/11/01,
3046,5/21/01,
3047,5/17/01,
3048,5/14/01,
3049,5/17/01,
3050,5/23/01,
3051,5/16/01,
3052,5/21/01,
3053,6/21/01,
3055,5/18/01,
3057,5/21/01,
3060,5/21/01,
3061,5/21/01,
3062,5/17/01,
3063,5/16/01,
3064,5/18/01,
3065,5/21/01,
3066,5/16/01,
3067,5/16/01,
3068,5/17/01,
3069,6/8/01,
3070,5/21/01,
3071,5/15/01,
3072,5/16/01,
3073,5/23/01,
3074,5/15/01,
3075,5/15/01,
3076,5/14/01,
3077,5/21/01,
3078,5/21/01,
3079,5/11/01,
3080,5/8/01,
3081,5/18/01,
3082,5/15/01,
3083,5/21/01,
3084,5/17/01,
3085,5/22/01,
3086,5/16/01,
3087,5/17/01,
3088,5/14/01,
3089,5/14/01,
3090,5/15/01,
3091,5/14/01,
3092,5/23/01,
3093,9/10/02,
3094,5/16/01,
3095,5/21/01,
3096,5/22/01,
3097,5/21/01,
3098,5/21/01,
3099,5/22/01,
3100,5/21/01,
3101,5/21/01,
3102,6/12/01,
3103,5/11/01,
3104,5/21/01,
3105,5/21/01,
3106,5/21/01,
3107,5/21/01,
3108,5/21/01,
3109,5/14/01,
3110,5/21/01,
3111,5/15/01,
3112,5/14/01,
3114,5/17/01,
3115,5/18/01,
3116,5/11/01,
3117,5/14/01,
3118,5/14/01,
3119,5/21/01,
3120,5/18/01,
3121,5/21/01,
3122,5/7/01,
3123,5/17/01,
3124,9/3/01,
3125,5/17/01,
3126,5/17/01,
3127,5/14/01,
3128,5/17/01,
3129,5/22/01,
3130,5/21/01,
3131,5/21/01,
3132,5/22/01,
3133,5/16/01,
3134,5/22/01,
3135,5/17/01,
3136,12/9/02,
3137,5/22/01,
3138,5/18/01,
3139,5/22/01,
3140,5/17/01,
3141,5/21/01,
3142,5/23/01,
3143,5/21/01,
3144,5/16/01,
3145,5/16/01,
3146,5/11/01,
3147,5/21/01,
3148,5/21/01,
3149,5/21/01,
3151,5/23/01,
3152,5/21/01,
3153,5/17/01,
3154,5/11/01,
3155,5/21/01,
3156,5/14/01,
3157,5/18/01,
3158,5/15/01,
3159,5/21/01,
3160,5/21/01,
3162,5/15/01,
3163,5/17/01,
3164,5/23/01,
3165,5/21/01,
3166,5/15/01,
3167,5/21/01,
3168,5/16/01,
3169,5/15/01,
3170,5/21/01,
3171,5/16/01,
3172,11/27/01,
3173,5/21/01,
3174,5/15/01,
3175,5/21/01,
3176,5/21/01,
3177,7/1/02,
3178,5/16/01,
3179,5/21/01,
3180,5/23/01,
3182,5/15/01,
3183,5/14/01,
3184,5/23/01,
3185,5/18/01,
3186,5/16/01,
3187,5/14/01,
3188,5/18/01,
3189,5/16/01,
3190,5/15/01,
3191,5/17/01,
3192,5/17/01,
3193,5/14/01,
3194,5/16/01,
3195,5/18/01,
3197,6/8/01,
3198,8/23/01,
3199,5/11/01,
3200,5/16/01,
3201,5/16/01,
3202,5/16/01,
3203,5/21/01,
3204,5/21/01,
3205,5/16/01,
3206,5/21/01,
3207,5/21/01,
3208,5/21/01,
3209,5/21/01,
3210,5/18/01,
3211,5/21/01,
3212,5/16/01,
3213,5/16/01,
3214,5/17/01,
3215,5/22/01,
3216,5/21/01,
3217,5/21/01,
3218,5/15/01,
3219,5/21/01,
3220,5/14/01,
3221,5/15/01,
3222,5/11/01,
3223,5/14/01,
3224,5/21/01,
3226,5/17/01,
3227,5/15/01,
3229,5/17/01,
3230,5/22/01,
3231,5/18/01,
3232,5/21/01,
3233,5/17/01,
3234,5/15/01,
3235,5/14/01,
3236,5/14/01,
3237,5/17/01,
3238,6/15/01,
3240,5/17/01,
3241,5/16/01,
3242,5/22/01,
3244,5/21/01,
3245,5/18/01,
3246,5/11/01,
3247,5/21/01,
3248,5/16/01,
3249,5/23/01,
3250,5/22/01,
3251,5/14/01,
3252,5/18/01,
3253,5/14/01,
3254,5/15/01,
3255,5/17/01,
3256,5/18/01,
3257,5/15/01,
3258,5/23/01,
3259,5/18/01,
3260,5/22/01,
3262,5/14/01,
3263,5/22/01,
3264,5/18/01,
3265,5/21/01,
3266,5/17/01,
3267,5/21/01,
3268,5/15/01,
3269,5/17/01,
3270,5/17/01,
3271,5/21/01,
3272,5/21/01,
3273,5/22/01,
3274,5/18/01,
3275,5/15/01,
3276,5/21/01,
3277,5/18/01,
3278,5/16/01,
3279,1/30/02,
3280,5/18/01,
3281,5/16/01,
3283,5/21/01,
3284,5/11/01,
3285,5/15/01,
3286,5/16/01,
3287,5/14/01,
3288,5/23/01,
3289,6/12/01,
3290,5/22/01,
3291,5/18/01,
3292,5/18/01,
3293,5/17/01,
3294,5/17/01,
3295,5/18/01,
3296,5/21/01,
3297,5/17/01,
3298,5/8/01,
3299,6/14/01,
3300,8/1/01,
3301,5/18/01,
3302,5/17/01,
3303,6/18/01,
3305,5/15/01,
3306,5/18/01,
3308,5/21/01,
3309,5/15/01,
3311,5/15/01,
3312,5/14/01,
3313,5/21/01,
3314,5/17/01,
3315,5/16/01,
3316,5/15/01,
3317,5/11/01,
3319,6/29/01,
3320,5/17/01,
3321,5/21/01,
3322,5/29/02,
3323,5/18/01,
3324,5/14/01,
3325,7/31/01,
3326,5/15/01,
3327,5/14/01,
3328,5/21/01,
3329,5/14/01,
3330,5/11/01,
3331,5/21/01,
3332,5/17/01,
3333,5/15/01,
3334,5/18/01,
3335,5/18/01,
3336,5/16/01,
3337,5/17/01,
3338,5/17/01,
3339,5/21/01,
3340,5/22/01,
3341,5/22/01,
3342,5/14/01,
3343,5/15/01,
3344,5/22/01,
3345,5/15/01,
3346,5/14/01,
3347,5/16/01,
3348,5/17/01,
3349,5/16/01,
3351,5/17/01,
3353,5/15/01,
3354,5/11/01,
3355,5/16/01,
3356,5/17/01,
3357,5/14/01,
3358,5/18/01,
3359,5/21/01,
3360,5/11/01,
3361,5/21/01,
3362,5/16/01,
3363,5/16/01,
3364,5/21/01,
3365,5/18/01,
3366,5/15/01,
3368,5/21/01,
3369,5/17/01,
3370,5/14/01,
3371,5/21/01,
3372,5/21/01,
3373,5/22/01,
3374,5/17/01,
3375,5/18/01,
3376,5/22/01,
3377,5/7/01,
3378,5/16/01,
3379,5/17/01,
3381,5/21/01,
3382,5/17/01,
3383,5/18/01,
3384,5/15/01,
3385,5/18/01,
3386,5/17/01,
3387,5/21/01,
3389,5/16/01,
3390,5/21/01,
3391,5/21/01,
3392,5/16/01,
3393,5/21/01,
3394,5/21/01,
3395,5/17/01,
3396,5/22/01,
3397,5/15/01,
3398,5/15/01,
3399,5/17/01,
3400,5/21/01,
3402,5/17/01,
3403,5/21/01,
3404,5/16/01,
3405,5/11/01,
3406,5/17/01,
3407,5/16/01,
3408,5/17/01,
3409,5/15/01,
3410,5/14/01,
3411,5/21/01,
3412,5/21/01,
3413,5/21/01,
3414,10/21/02,
3415,5/29/02,
3416,5/15/01,
3417,5/21/01,
3418,5/21/01,
3419,5/21/01,
3420,5/14/01,
3421,5/21/01,
3422,5/21/01,
3423,5/17/01,
3424,5/21/01,
3425,5/17/01,
3426,5/7/01,
3428,5/22/01,
3429,5/16/01,
3430,5/17/01,
3431,5/16/01,
3432,5/14/01,
3433,5/15/01,
3434,5/21/01,
3435,5/21/01,
3436,5/18/01,
3437,5/21/01,
3438,5/21/01,
3439,5/22/01,
3440,5/21/01,
3441,5/21/01,
3442,5/14/01,
3444,5/14/01,
3445,5/11/01,
3446,5/14/01,
3447,5/21/01,
3448,5/11/01,
3449,5/18/01,
3450,5/21/01,
3451,5/11/01,
3452,5/18/01,
3453,5/16/01,
3454,5/15/01,
3455,5/14/01,
3456,5/16/01,
3457,5/11/01,
3458,5/21/01,
3459,5/14/01,
3460,5/21/01,
3461,5/21/01,
3462,5/21/01,
3463,5/15/01,
3464,5/11/01,
3465,5/22/01,
3466,5/21/01,
3467,5/14/01,
3468,5/11/01,
3469,5/11/01,
3470,5/18/01,
3471,5/17/01,
3472,5/22/01,
3473,5/16/01,
3474,5/18/01,
3475,5/15/01,
3476,5/16/01,
3477,5/16/01,
3478,5/14/01,
3479,5/18/01,
3480,5/22/01,
3481,5/16/01,
3482,5/15/01,
3483,5/18/01,
3484,5/14/01,
3485,5/11/01,
3486,5/21/01,
3487,5/15/01,
3488,5/17/01,
3489,5/21/01,
3490,5/15/01,
3491,5/14/01,
3492,5/16/01,
3493,5/24/01,
3494,5/18/01,
3495,5/14/01,
3496,5/21/01,
3497,5/17/01,
3498,5/14/01,
3499,5/15/01,
3500,5/18/01,
3501,5/17/01,
3502,5/17/01,
3503,5/11/01,
3504,5/22/01,
3505,5/22/01,
3506,5/18/01,
3508,5/21/01,
3509,5/18/01,
3510,5/21/01,
3511,5/15/01,
3512,5/14/01,
3513,5/11/01,
3514,5/21/01,
3515,5/15/01,
3516,5/14/01,
3517,5/17/01,
3518,5/21/01,
3519,5/18/01,
3520,2/12/02,
3521,5/24/01,
3522,5/17/01,
3524,5/16/01,
3525,5/21/01,
3526,5/21/01,
3527,5/16/01,
3528,5/21/01,
3529,5/21/01,
3530,5/16/01,
3532,5/21/01,
3533,5/16/01,
3535,5/15/01,
3536,5/17/01,
3537,5/17/01,
3538,5/16/01,
3539,5/14/01,
3540,5/11/01,
3541,5/18/01,
3542,5/18/01,
3543,5/21/01,
3544,5/21/01,
3545,5/17/01,
3546,5/14/01,
3547,5/21/01,
3549,5/18/01,
3550,5/15/01,
3551,5/17/01,
3552,5/14/01,
3553,5/14/01,
3554,5/15/01,
3555,5/11/01,
3556,5/14/01,
3557,5/21/01,
3558,5/16/01,
3559,5/14/01,
3560,5/14/01,
3561,5/18/01,
3562,5/14/01,
3563,5/11/01,
3564,5/9/01,
3565,5/11/01,
3566,5/21/01,
3567,5/21/01,
3568,5/24/01,
3569,5/18/01,
3570,5/16/01,
3571,5/17/01,
3573,5/16/01,
3574,5/21/01,
3575,5/21/01,
3576,5/21/01,
3577,5/18/01,
3578,5/14/01,
3579,5/14/01,
3580,5/17/01,
3581,5/16/01,
3582,5/16/01,
3583,5/21/01,
3584,5/16/01,
3585,5/21/01,
3586,5/21/01,
3587,5/21/01,
3588,5/16/01,
3589,5/14/01,
3590,5/16/01,
3591,5/21/01,
3592,5/21/01,
3593,5/23/01,
3594,5/15/01,
3595,5/18/01,
3596,5/7/01,
3597,5/21/01,
3598,5/14/01,
3599,6/12/01,
3600,5/14/01,
3601,5/11/01,
3602,5/22/01,
3603,5/18/01,
3604,5/17/01,
3605,6/18/01,
3606,5/17/01,
3607,5/15/01,
3608,5/18/01,
3609,5/11/01,
3610,6/15/01,
3611,5/15/01,
3612,5/16/01,
3613,5/15/01,
3614,5/7/01,
3615,5/16/01,
3616,5/21/01,
3617,5/14/01,
3618,5/22/01,
3619,5/15/01,
3620,5/22/01,
3621,9/3/01,
3622,5/7/01,
3623,5/18/01,
3624,5/17/01,
3625,9/6/01,
3626,5/17/01,
3627,5/22/01,
3628,5/17/01,
3629,5/21/01,
3630,5/17/01,
3631,5/18/01,
3632,5/17/01,
3633,5/15/01,
3634,5/21/01,
3635,5/15/01,
3636,5/15/01,
3637,5/16/01,
3638,5/7/01,
3639,5/24/01,
3640,5/22/01,
3642,5/15/01,
3643,5/22/01,
3644,5/18/01,
3645,5/18/01,
3646,5/18/01,
3647,5/15/01,
3648,5/21/01,
3649,5/21/01,
3650,6/10/02,
3651,5/17/01,
3652,5/18/01,
3653,5/15/01,
3654,5/21/01,
3655,5/15/01,
3656,5/18/01,
3657,5/18/01,
3658,5/14/01,
3659,5/18/01,
3660,5/18/01,
3661,8/16/02,
3662,5/16/01,
3663,5/21/01,
3664,5/15/01,
3665,5/17/01,
3666,5/18/01,
3667,5/18/01,
3668,5/21/01,
3669,5/11/01,
3670,5/23/01,
3671,5/14/01,
3672,3/13/02,
3673,5/15/01,
3674,5/22/01,
3675,5/17/01,
3676,5/11/01,
3677,5/23/01,
3678,5/17/01,
3679,5/17/01,
3680,5/22/01,
3681,5/21/01,
3682,5/14/01,
3683,5/21/01,
3684,5/21/01,
3685,5/22/01,
3686,5/22/01,
3687,5/22/01,
3688,5/15/01,
3689,5/14/01,
3690,5/21/01,
3691,6/21/01,
3692,5/15/01,
3693,5/21/01,
3694,5/17/01,
3695,5/18/01,
3696,5/15/01,
3697,5/21/01,
3698,5/21/01,
3699,5/21/01,
3700,5/11/01,
3701,5/21/01,
3702,5/14/01,
3703,6/21/01,
3704,5/21/01,
3705,5/14/01,
3706,5/22/01,
3707,5/24/01,
3708,5/22/01,
3709,5/21/01,
3710,5/21/01,
3711,5/21/01,
3712,5/15/01,
3713,5/18/01,
3714,5/16/01,
3715,5/22/01,
3716,5/15/01,
3717,5/17/01,
3718,5/22/01,
3719,5/17/01,
3720,5/17/01,
3721,5/17/01,
3722,5/14/01,
3723,5/17/01,
3724,5/16/01,
3725,5/17/01,
3726,5/15/01,
3727,5/16/01,
3728,5/15/01,
3729,5/18/01,
3730,5/21/01,
3731,5/14/01,
3732,5/14/01,
3733,5/18/01,
3734,5/18/01,
3735,5/22/01,
3736,5/21/01,
3737,5/22/01,
3738,5/21/01,
3739,5/14/01,
3740,5/17/01,
3741,5/21/01,
3742,5/21/01,
3743,5/21/01,
3744,5/21/01,
3746,5/14/01,
3747,5/15/01,
3748,5/15/01,
3749,5/15/01,
3750,5/17/01,
3751,5/18/01,
3752,5/21/01,
3753,5/17/01,
3754,5/15/01,
3755,5/18/01,
3756,5/18/01,
3757,5/14/01,
3758,5/22/01,
3759,5/21/01,
3760,5/18/01,
3761,5/17/01,
3762,5/18/01,
3763,5/15/01,
3764,5/14/01,
3765,5/14/01,
3766,5/18/01,
3767,5/17/01,
3769,5/18/01,
3770,5/14/01,
3771,5/18/01,
3772,5/21/01,
3773,5/18/01,
3774,5/17/01,
3775,5/21/01,
3776,5/7/01,
3777,5/18/01,
3778,5/16/01,
3779,5/21/01,
3780,5/18/01,
3781,5/17/01,
3783,5/17/01,
3784,5/18/01,
3785,5/7/01,
3786,5/22/01,
3787,5/17/01,
3788,5/17/01,
3789,5/11/01,
3790,5/7/01,
3791,5/14/01,
3792,5/23/01,
3793,5/18/01,
3794,5/18/01,
3795,5/18/01,
3796,5/15/01,
3797,5/14/01,
3799,5/15/01,
3800,5/11/01,
3801,5/21/01,
3802,5/14/01,
3803,5/21/01,
3804,5/15/01,
3805,5/11/01,
3806,5/18/01,
3807,5/14/01,
3808,5/11/01,
3809,5/18/01,
3810,5/16/01,
3811,5/18/01,
3812,5/11/01,
3813,6/13/01,
3814,6/13/01,
3815,7/26/01,
3816,7/20/01,
3817,8/22/01,
3818,1/29/02,
3819,1/28/02,
3820,1/10/02,
3821,1/10/02,
3822,10/17/02,
3823,1/28/02,
3824,1/24/02,
3825,1/28/02,
3826,12/16/02,
3827,7/13/05,
3828,8/28/02,
3829,9/24/02,
3830,10/11/02,
3831,10/22/02,
3832,10/14/02,
3833,10/30/02,
3834,11/15/02,
3835,11/15/02,
3836,12/9/02,
3837,12/9/02,
3838,1/14/03,
3839,12/9/02,
3840,12/9/02,
3841,1/23/03,
3842,1/22/03,
3843,1/14/03,
3844,3/20/03,
3845,3/26/03,
3846,3/26/03,
3847,4/15/03,
3848,3/20/03,
3849,3/20/03,
3850,3/20/03,
3851,5/12/03,
3852,7/1/05,
3853,5/2/03,
3854,5/12/03,
3855,5/22/03,
3856,6/3/03,
3857,6/9/03,
3858,6/4/03,
3859,5/31/04,
3860,8/14/03,
3861,8/28/03,
3862,11/14/03,
3863,11/25/03,
3864,5/26/04,
3865,4/26/04,
3866,1/19/04,
3867,5/31/04,
3868,5/10/04,
3869,9/8/04,
3870,3/19/04,
3871,5/31/04,
3872,6/14/04,
3873,5/16/05,
3874,6/21/04,
3875,10/12/04,
3876,8/30/04,
3877,10/28/04,
3878,10/6/04,
3879,5/4/05,
3880,7/12/05,
3881,1/3/05,
3882,5/6/05,
3883,2/7/05,
3884,2/9/05,
3885,6/14/05,
3886,7/4/05,
3887,8/3/05,
3888,9/5/05,
3889,11/3/05,
3890,10/10/05,
3891,9/23/05,
3892,9/20/05,
3893,9/14/05,
3894,10/3/05,
3895,10/17/05,
3896,10/24/05,
3897,3/15/06,
3898,2/20/06,
3899,3/28/06,
3900,5/3/06,
3901,7/14/06,
3902,8/2/06,
3903,8/17/06,
3904,11/9/06,
3905,10/20/06,
3906,8/17/06,
3907,8/30/06,
3908,8/30/06,
3909,10/2/06,
3910,10/3/06,
3911,11/13/06,
3912,10/20/06,
3913,11/30/06,
3914,12/14/06,
3915,3/9/07,
3916,1/9/07,
3917,1/11/07,
3918,1/10/07,
3919,4/9/07,
3920,3/23/07,
3921,4/30/07,
3922,5/15/07,
3923,5/25/07,
3924,5/21/07,
3925,6/6/07,
3926,7/23/07,
3927,9/7/07,
3928,10/2/07,
3929,8/21/07,
3930,10/26/07,
3931,10/4/07,
3932,12/10/07,
3933,1/28/08,
3934,2/8/08,
3935,3/25/08,
3936,5/12/08,
3937,4/21/08,
3938,5/19/08,
3939,5/19/08,
3940,6/13/08,
3941,7/1/08,
3942,7/16/08,
3943,7/16/08,
3944,6/27/08,
3945,7/4/08,
3946,7/28/08,
3947,8/20/08,
3948,8/4/08,
3949,9/19/08,
3950,8/25/08,
3951,9/5/08,
3952,10/16/08,
3953,9/25/08,
3954,11/3/08,
3955,10/20/08,
3956,11/6/08,
3957,10/7/08,
3958,2/3/09,
3959,10/30/08,
3960,11/3/08,
3961,12/11/08,
3962,4/1/09,
3963,3/25/09,
3964,5/15/09,
3965,6/16/09,
3966,5/14/09,
3967,5/12/09,
3968,6/8/09,
3969,6/17/09,
3970,7/1/09,
3971,7/14/09,
3972,6/25/09,
3973,10/5/09,
3974,9/22/09,
3975,9/17/09,
3976,1/29/10,
3977,10/21/09,
3978,11/17/09,
3979,1/11/10,
3980,3/12/10,
3981,3/10/10,
3982,4/23/10,
3983,4/29/10,
3984,4/29/10,
3985,9/21/10,
3986,9/13/10,
3987,10/1/10,
3988,10/20/10,
3989,11/22/10,
3990,10/19/10,
3991,10/21/10,
3992,10/11/10,
3993,12/1/10,
3994,12/1/10,
3995,1/13/11,
3996,1/7/11,
3997,1/27/11,
3998,1/26/11,
3999,2/15/11,
4001,12/21/01,
4002,1/2/02,
4003,12/21/01,
4004,12/21/01,
4005,12/21/01,
4006,12/21/01,
4007,12/21/01,
4008,12/21/01,
4009,12/21/01,
4011,8/27/02,
4012,12/21/01,
4013,12/21/01,
4014,12/21/01,
4015,12/21/01,
4016,12/21/01,
4017,12/21/01,
4018,12/31/01,
4019,12/21/01,
4020,8/22/02,
4021,12/21/01,
4022,12/21/01,
4023,12/21/01,
4024,12/21/01,
4025,1/2/02,
4026,12/21/01,
4027,12/21/01,
4028,4/7/04,
4029,1/2/02,
4030,1/2/02,
4031,1/2/02,
4032,1/2/02,
4033,12/21/01,
4035,1/2/02,
4036,12/21/01,
4037,1/2/02,
4038,1/2/02,
4039,1/2/02,
4040,8/20/02,
4041,10/15/02,
4042,1/2/02,
4043,1/2/02,
4044,1/2/02,
4045,1/2/02,
4046,8/26/02,
4047,1/2/02,
4048,1/2/02,
4049,8/12/02,
4050,12/21/01,
4052,1/2/02,
4054,10/31/02,
4055,8/19/02,
4056,8/26/02,
4057,7/25/02,
4058,1/2/02,
4059,1/2/02,
4060,8/26/02,
4061,8/20/02,
4063,12/31/01,
4064,1/2/02,
4066,12/31/01,
4067,12/21/01,
4068,10/17/02,
4069,1/2/02,
4070,10/10/02,
4071,5/19/04,
4072,5/19/04,
4073,8/21/02,
4074,5/14/03,
4075,5/30/03,
4076,11/14/03,
4078,5/19/04,
4079,6/28/04,
4080,7/6/04,
4081,8/11/04,
4082,7/23/04,
4083,4/5/05,
4084,9/5/05,
4085,2/15/08,
4086,4/24/12,
4087,12/21/11,
4088,5/29/12,
4089,3/14/05,
4090,6/21/05,
4091,6/7/06,
4092,7/4/06,
4093,11/8/06,
4094,5/3/07,
4095,3/13/07,
4096,8/22/07,
4098,1/31/08,
4099,6/11/08,
4100,8/27/08,
4101,7/1/10,
4102,6/29/10,
4103,7/26/10,
4104,12/1/10,
4105,6/13/11,
4106,9/21/11,
4107,9/17/12,
4108,10/23/12,
4109,4/26/13,
4110,3/7/13,
4111,7/23/13,
4112,9/5/13,
4113,11/4/13,
4114,4/10/14,
4115,5/16/14,
4116,6/22/16,
4117,7/6/15,
5001,1/1/01,
5002,8/22/02,
5003,1/1/01,
5004,1/1/01,
5005,1/1/01,
5006,1/1/01,
5007,1/1/01,
5008,1/1/01,
5009,1/1/01,
5010,1/1/01,
5011,1/1/01,
5012,1/1/01,
5013,8/22/02,
5014,1/1/01,
5015,8/22/02,
5016,1/1/01,
5017,1/1/01,
5018,1/1/01,
5019,1/1/01,
5020,1/1/01,
5021,1/1/01,
5022,1/1/01,
5023,1/1/01,
5024,1/1/01,
5025,1/1/01,
5026,1/1/01,
5027,1/1/01,
5028,1/1/01,
5029,1/1/01,
5030,1/1/01,
5031,1/1/01,
5032,1/1/01,
5033,1/1/01,
5034,1/1/01,
5035,1/1/01,
5036,1/1/01,
5037,1/1/01,
5038,1/1/01,
5039,1/1/01,
5040,1/1/01,
5041,1/1/01,
5042,1/1/01,
5043,1/1/01,
5044,1/1/01,
5045,1/1/01,
5046,1/1/01,
5047,1/1/01,
5048,1/1/01,
5049,1/1/01,
5050,1/1/01,
5051,1/1/01,
5052,1/1/01,
5053,1/1/01,
5054,1/1/01,
5055,1/1/01,
5056,1/1/01,
5057,1/1/01,
5058,1/1/01,
5059,1/1/01,
5060,1/1/01,
5061,1/1/01,
5062,1/1/01,
5063,1/1/01,
5064,1/1/01,
5065,1/1/01,
5066,1/1/01,
5067,1/1/01,
5068,1/1/01,
5069,4/13/04,
5070,1/1/01,
5071,1/1/01,
5072,1/1/01,
5073,1/1/01,
5074,1/1/01,
5075,1/1/01,
5076,1/1/01,
5077,1/1/01,
5078,1/1/01,
5079,1/1/01,
5080,1/1/01,
5081,1/1/01,
5082,1/1/01,
5083,1/1/01,
5084,1/1/01,
5085,1/1/01,
5086,1/1/01,
5087,1/1/01,
5088,1/1/01,
5089,1/1/01,
5090,1/1/01,
5091,1/1/01,
5092,1/1/01,
5093,1/1/01,
5094,1/1/01,
5095,1/1/01,
5096,1/1/01,
5098,1/1/01,
5099,1/1/01,
5100,1/1/01,
5101,1/1/01,
5102,1/1/01,
5103,1/1/01,
5104,1/1/01,
5105,1/1/01,
5106,1/1/01,
5107,1/1/01,
5108,1/1/01,
5109,1/1/01,
5110,1/1/01,
5111,1/1/01,
5112,1/1/01,
5113,1/1/01,
5114,1/1/01,
5115,1/1/01,
5116,1/1/01,
5117,1/1/01,
5118,1/1/01,
5119,1/1/01,
5120,1/1/01,
5121,1/1/01,
5122,1/1/01,
5123,1/1/01,
5124,1/1/01,
5125,1/1/01,
5126,1/1/01,
5127,1/1/01,
5128,1/1/01,
5129,1/1/01,
5130,8/8/02,
5131,1/1/01,
5132,1/1/01,
5133,1/1/01,
5134,1/1/01,
5135,1/1/01,
5136,1/1/01,
5137,1/1/01,
5138,1/1/01,
5139,1/1/01,
5140,1/1/01,
5141,1/1/01,
5142,1/1/01,
5143,1/1/01,
5148,1/1/01,
5149,1/1/01,
5150,1/1/01,
5151,1/1/01,
5152,1/1/01,
5153,1/1/01,
5154,1/1/01,
5155,1/1/01,
5156,1/1/01,
5157,1/1/01,
5158,1/1/01,
5159,1/1/01,
5160,1/1/01,
5161,1/1/01,
5162,1/1/01,
5163,1/1/01,
5164,1/1/01,
5165,1/1/01,
5166,1/1/01,
5167,1/1/01,
5168,1/1/01,
5170,1/1/01,
5171,1/1/01,
5172,1/1/01,
5173,1/1/01,
5174,1/1/01,
5175,1/1/01,
5176,1/1/01,
5177,1/1/01,
5178,1/1/01,
5179,1/1/01,
5180,1/1/01,
5181,1/1/01,
5182,1/1/01,
5183,1/1/01,
5184,1/1/01,
5185,1/1/01,
5186,1/1/01,
5187,1/1/01,
5188,1/1/01,
5189,1/1/01,
5190,1/1/01,
5191,1/1/01,
5192,1/1/01,
5193,1/1/01,
5194,1/1/01,
5195,1/1/01,
5196,1/1/01,
5197,1/1/01,
5198,1/1/01,
5199,1/1/01,
5200,1/1/01,
5201,1/1/01,
5202,1/1/01,
5203,1/1/01,
5204,1/1/01,
5205,1/1/01,
5206,1/1/01,
5207,1/1/01,
5208,1/1/01,
5209,1/1/01,
5210,1/1/01,
5211,1/1/01,
5212,1/1/01,
5213,1/1/01,
5214,1/1/01,
5215,1/1/01,
5216,1/1/01,
5217,1/1/01,
5218,1/1/01,
5219,1/1/01,
5220,1/1/01,
5221,1/1/01,
5222,1/1/01,
5223,1/1/01,
5224,1/1/01,
5225,1/1/01,
5226,1/1/01,
5227,1/1/01,
5228,1/1/01,
5229,1/1/01,
5230,1/1/01,
5231,1/1/01,
5233,1/1/01,
5234,1/1/01,
5235,1/1/01,
5236,1/1/01,
5237,1/1/01,
5238,1/1/01,
5239,1/1/01,
5240,4/15/04,
5241,1/1/01,
5242,1/1/01,
5243,12/31/01,
5244,1/1/01,
5245,1/1/01,
5246,1/1/01,
5247,1/1/01,
5248,1/1/01,
5249,1/1/01,
5250,1/1/01,
5251,1/1/01,
5252,1/1/01,
5253,8/22/02,
5254,8/23/02,
5255,8/23/02,
5256,1/1/01,
5257,1/1/01,
5258,1/1/01,
5259,1/1/01,
5260,1/1/01,
5261,8/20/02,
5262,1/1/01,
5263,8/23/02,
5264,8/23/02,
5265,1/1/01,
5266,8/23/02,
5267,8/8/02,
5268,1/1/01,
5269,1/1/01,
5270,1/1/01,
5271,5/27/02,
5272,8/23/02,
5273,8/23/02,
5274,8/28/02,
5275,10/15/02,
5276,8/23/02,
5277,1/1/01,
5278,8/20/13,
5280,9/6/13,
5281,8/8/02,
5282,1/1/01,
5283,8/8/02,
5284,1/1/01,
5286,1/1/01,
5287,1/1/01,
5288,8/9/02,
5289,8/23/02,
5290,1/2/02,
5291,8/23/02,
5292,8/23/02,
5293,8/28/02,
5294,1/1/01,
5295,1/1/01,
5296,1/1/01,
5297,1/1/01,
5298,1/1/01,
5299,8/23/02,
5300,1/1/01,
5302,1/1/01,
5303,8/23/02,
5304,1/2/02,
5305,8/23/02,
5307,1/1/01,
5308,1/1/01,
5309,8/8/02,
5310,8/23/02,
5311,1/1/01,
5312,1/1/01,
5313,1/1/01,
5314,8/23/02,
5315,1/1/01,
5316,1/1/01,
5317,1/1/01,
5318,8/21/02,
5319,1/1/01,
5320,1/1/01,
5321,8/14/02,
5322,8/27/02,
5323,1/1/01,
5324,1/1/01,
5325,1/1/01,
5326,1/1/01,
5327,10/17/02,
5328,8/20/02,
5330,1/1/01,
5331,8/26/02,
5332,1/1/01,
5333,8/26/02,
5334,1/2/02,
5335,8/27/02,
5338,1/1/01,
5339,1/1/01,
5340,8/26/02,
5341,1/1/01,
5342,1/1/01,
5343,8/26/02,
5344,1/1/01,
5345,1/1/01,
5346,1/1/01,
5348,1/1/02,
5350,8/16/02,
5351,8/23/02,
5352,1/1/01,
5353,1/2/02,
5354,8/23/02,
5355,8/23/02,
5356,8/23/02,
5357,8/23/02,
5358,1/1/01,
5359,1/1/01,
5360,1/1/01,
5361,1/1/01,
5362,1/3/02,
5363,8/23/02,
5364,7/24/02,
5365,8/23/02,
5366,8/23/02,
5367,1/1/01,
5368,1/1/01,
5369,1/1/01,
5370,8/23/02,
5371,8/23/02,
5372,8/8/02,
5373,10/15/02,
5374,8/26/02,
5375,1/1/01,
5376,1/1/01,
5377,1/1/01,
5378,8/26/02,
5379,1/1/01,
5380,8/26/02,
5381,8/26/02,
5382,1/1/01,
5383,1/1/01,
5384,8/8/02,
5385,1/1/01,
5386,8/26/02,
5387,8/26/02,
5388,8/13/02,
5389,1/1/01,
5390,8/8/02,
5391,1/1/01,
5392,1/1/01,
5393,8/26/02,
5394,8/26/02,
5395,8/26/02,
5396,8/26/02,
5397,8/26/02,
5398,8/26/02,
5399,1/1/01,
5400,8/26/02,
5401,1/1/01,
5402,8/26/02,
5403,1/1/01,
5404,1/1/01,
5405,1/1/01,
5406,8/26/02,
5407,1/1/01,
5408,1/1/01,
5409,1/1/01,
5410,8/26/02,
5411,1/1/01,
5412,8/19/02,
5413,1/1/01,
5414,8/26/02,
5415,8/26/02,
5416,8/8/02,
5417,8/27/02,
5418,1/3/02,
5419,1/1/01,
5420,8/26/02,
5421,1/1/01,
5422,1/1/01,
5423,1/3/02,
5424,1/1/01,
5425,8/23/02,
5426,1/1/01,
5427,1/1/01,
5428,1/1/01,
5429,1/1/01,
5430,8/23/02,
5431,1/1/01,
5432,1/1/01,
5433,8/26/02,
5434,8/23/02,
5435,1/1/01,
5436,1/1/01,
5437,1/1/01,
5438,1/1/01,
5439,8/27/02,
5440,1/1/01,
5441,1/1/01,
5443,1/1/01,
5444,1/1/01,
5445,1/1/01,
5446,1/1/01,
5447,1/1/01,
5448,1/2/02,
5449,8/23/02,
5450,12/31/01,
5451,1/1/01,
5452,8/26/02,
5453,1/1/01,
5454,8/23/02,
5455,1/1/01,
5456,1/1/01,
5457,8/23/02,
5458,1/1/01,
5459,1/2/02,
5460,8/28/02,
5461,1/1/01,
5462,1/1/01,
5463,8/23/02,
5464,8/23/02,
5465,8/8/02,
5466,1/1/01,
5467,1/1/01,
5468,1/1/01,
5469,8/23/02,
5471,1/1/01,
5472,1/1/01,
5473,1/1/01,
5474,1/1/01,
5475,1/1/01,
5477,8/27/02,
5478,6/4/02,
5479,8/28/02,
5480,8/27/02,
5481,8/27/02,
5482,5/24/02,
5483,8/27/02,
5484,8/27/02,
5485,8/30/02,
5486,5/23/02,
5487,8/5/08,
5488,8/30/02,
5489,10/11/02,
5490,9/11/02,
5491,5/24/02,
5492,5/23/02,
5493,5/23/02,
5494,5/23/02,
5495,5/23/02,
5496,5/28/02,
5497,5/23/02,
5498,5/23/02,
5499,5/27/02,
5500,5/27/02,
5501,5/24/02,
5502,8/27/02,
5503,5/16/02,
5504,5/27/02,
5505,4/4/03,
5506,5/24/02,
5507,5/23/02,
5508,10/2/02,
5509,4/3/03,
5510,9/23/02,
5512,9/11/02,
5513,3/31/03,
5514,3/31/03,
5515,3/31/03,
5516,6/6/03,
5517,7/18/03,
5518,6/6/03,
5519,9/25/03,
5520,9/29/03,
5521,9/26/03,
5522,9/26/03,
5523,9/29/03,
5524,9/26/03,
5525,10/23/03,
5526,1/15/04,
5527,3/9/04,
5528,3/8/04,
5529,3/8/04,
5530,4/13/04,
5531,6/14/04,
5532,8/13/04,
5533,7/28/04,
5534,1/24/05,
5535,1/21/05,
5536,2/1/05,
5537,2/16/05,
5538,3/22/05,
5539,4/15/05,
5540,5/2/05,
5541,5/2/05,
5542,10/6/05,
5543,2/27/06,
5544,3/9/06,
5545,4/10/06,
5546,7/3/06,
5547,6/30/06,
5548,7/3/06,
5549,7/3/06,
5550,8/31/06,
5551,9/20/06,
5552,9/26/06,
5553,11/1/06,
5554,10/26/06,
5555,11/6/06,
5556,4/4/07,
5557,12/8/06,
5558,12/15/06,
5559,2/26/07,
5560,2/26/07,
5561,2/26/07,
5562,2/26/07,
5563,2/26/07,
5564,2/27/07,
5565,4/13/07,
5566,4/4/07,
5567,5/30/07,
5568,8/7/07,
5569,7/17/07,
5570,8/7/07,
5571,10/19/07,
5572,8/21/07,
5573,9/14/07,
5574,9/11/07,
5575,10/16/07,
5576,11/29/07,
5577,12/19/07,
5578,4/4/08,
5579,1/29/08,
5580,8/5/08,
5581,9/10/08,
5582,7/28/08,
5583,7/25/08,
5584,7/28/08,
5585,1/16/13,
5586,8/12/08,
5587,8/13/08,
5588,8/25/08,
5589,9/15/08,
5590,9/15/08,
5591,10/10/08,
5592,11/20/08,
5593,4/14/09,
5594,3/20/09,
5595,4/1/09,
5596,6/5/09,
5597,7/31/09,
5598,7/31/09,
5599,7/31/09,
5600,11/18/09,
5601,3/3/10,
5602,2/18/10,
5603,2/18/10,
5604,5/12/10,
5605,6/25/10,
5606,6/1/12,
5607,7/26/10,
5608,6/1/12,
5609,8/9/10,
5610,9/9/10,
5611,6/12/12,
5612,9/9/10,
5613,3/3/11,
5614,5/26/11,
5615,9/14/11,
5616,9/21/11,
5617,9/13/13,
5618,11/4/11,
5619,11/4/11,
5620,4/26/12,
5621,6/19/12,
5622,6/5/12,
5623,7/12/12,
5624,7/12/12,
5625,7/12/12,
5626,8/2/12,
5627,10/10/12,
5628,11/29/13,
5629,11/15/12,
5630,11/28/12,
5631,12/7/12,
5632,2/12/13,
5633,3/13/13,
5634,2/25/13,
5635,3/7/13,
5636,5/7/13,
5637,9/9/13,
5638,10/15/13,
6001,1/2/02,
6002,1/2/02,
6003,1/2/02,
6004,10/7/02,
6005,1/2/02,
6007,1/2/02,
6008,1/2/02,
6009,10/9/02,
6010,1/2/02,
6011,1/2/02,
6012,1/2/02,
6013,1/2/02,
6014,1/2/02,
6015,1/2/02,
6016,1/2/02,
6017,1/2/02,
6018,1/2/02,
6019,1/2/02,
6020,1/3/02,
6021,1/3/02,
6022,1/3/02,
6023,1/2/02,
6024,1/2/02,
6025,1/2/02,
6026,1/3/02,
6027,1/3/02,
6028,10/9/02,
6029,10/18/02,
6030,10/17/02,
6031,10/31/02,
6032,1/3/02,
6033,1/3/02,
6034,1/2/02,
6035,1/3/02,
6036,1/3/02,
6037,1/3/02,
6038,1/2/02,
6040,10/29/02,
6041,10/29/02,
6042,10/29/02,
6043,10/17/02,
6044,10/9/02,
6045,10/8/02,
6046,10/30/02,
6047,3/28/03,
6048,4/2/03,
6049,11/27/03,
6050,11/19/03,
6051,11/18/03,
6052,1/26/04,
6053,2/3/04,
6054,9/1/04,
6055,10/25/04,
6056,12/9/04,
6057,1/31/05,
6058,5/12/05,
6059,10/14/05,
6060,4/10/06,
6061,2/27/06,
6062,7/19/06,
6063,10/5/07,
6064,8/28/07,
6065,4/22/09,
6066,12/10/08,
6067,3/29/10,
6068,2/10/10,
6069,8/29/11,
6070,2/17/12,
6071,7/23/13,
6072,5/19/14,
6073,10/27/14,
6074,4/21/16,
6075,4/21/16,
6076,4/21/16,
6077,4/21/16,
6078,6/15/16,
6079,4/11/16,
6080,4/21/16,
6081,6/15/16,
6082,6/6/16,
6083,6/29/16,
6084,6/30/16,
6085,8/5/16,
6086,9/8/16,
6087,8/16/16,
6088,9/6/16,
6089,9/7/16,
6090,9/7/16,
6091,9/7/16,
6092,12/8/16,
6093,2/1/17,
6094,2/21/17,
6095,3/7/17,
6096,3/7/17,
6097,5/24/17,
6098,5/25/17,
6099,5/29/17,
6100,6/2/17,
6101,6/13/17,
6102,7/21/17,
6103,7/21/17,
6104,9/4/17,
6105,10/12/17,
6106,10/19/17,
6107,10/25/17,
6108,12/4/17,
6109,12/5/17,
6110,11/17/20,
6111,3/5/18,
6112,3/5/18,
6113,3/8/18,
6114,7/19/18,
6115,7/19/18,
6117,10/15/18,
6118,10/21/18,
6119,12/5/18,
6120,12/13/18,
6121,1/29/19,
6122,11/28/18,
6123,12/11/18,
6124,4/29/19,
6125,4/29/19,
6126,5/8/19,
6127,6/20/19,
6128,5/8/19,
6129,6/5/19,
6130,6/21/19,
6131,8/26/19,
6133,8/26/19,
6134,6/21/19,
6135,11/11/19,
6136,10/10/19,
6141,7/20/20,
6143,7/20/21,
7001,10/19/06,
7002,11/8/06,
7003,1/23/07,
7004,2/26/07,
7005,10/29/08,
7006,8/10/07,
7007,9/26/07,
7008,1/30/08,
7009,8/12/08,
7010,10/3/08,
7011,8/26/08,
7012,9/18/08,
7013,9/18/08,
7014,1/20/09,
7015,10/10/08,
7016,3/3/09,
7017,8/6/09,
7018,12/1/10,
7019,11/19/09,
7020,11/3/09,
7021,11/19/09,
7022,2/15/10,
7023,3/8/10,
7024,9/9/10,
7025,12/10/10,
7026,2/14/11,
7027,3/23/11,
7028,3/24/11,
7029,5/24/11,
7030,6/6/11,
7031,9/22/11,
7032,9/21/11,
7033,1/31/12,
7034,2/10/12,
7035,1/12/12,
7036,3/5/12,
7037,6/14/12,
7038,7/12/12,
7039,12/19/12,
7041,8/20/13,
7042,12/12/13,
7043,12/11/13,
7044,1/6/14,
7602,11/21/08,
7603,8/5/09,
7604,8/4/10,
7605,2/14/11,
7606,1/2/12,
7607,1/26/12,
7608,5/12/14,
7609,6/21/16,
7610,1/25/17,
9001,1/3/02,
9002,1/3/02,
9003,1/3/02,
9004,1/3/02,
9005,1/3/02,
9006,1/3/02,
9007,1/3/02,
9008,1/3/02,
9009,1/3/02,
9010,1/3/02,
9011,1/3/02,
9012,1/3/02,
9013,1/3/02,
9014,1/3/02,
9015,1/3/02,
9016,1/3/02,
9017,1/3/02,
9018,1/3/02,
9019,1/3/02,
9020,1/3/02,
9021,1/7/02,
9022,1/7/02,
9023,1/7/02,
9024,1/7/02,
9025,1/7/02,
9026,1/7/02,
9027,1/7/02,
9028,8/20/02,
9029,1/7/02,
9030,1/7/02,
9031,1/7/02,
9033,1/7/02,
9034,1/7/02,
9035,8/28/02,
9037,1/7/02,
9038,1/7/02,
9039,8/12/02,
9040,1/7/02,
9041,1/7/02,
9042,1/7/02,
9043,1/7/02,
9044,1/7/02,
9045,1/7/02,
9046,1/7/02,
9047,1/7/02,
9048,8/29/02,
9049,1/7/02,
9050,1/7/02,
9051,11/26/02,
9052,7/11/03,
9053,8/5/08,
9054,4/26/12,
9055,3/8/17,
9999,3/2/11,
